,price.open,price.high,price.low,price.close,volume,price.adjusted,oil price,ref.date,ticker,ret.adjusted.prices,ret.closing.prices,pct change,direction
1,39.939999,40.990002,37.75,39.299999,2003700,39.299999,71.34,10/12/2018,CRC,0.017080746,0.017080746,0.051213725,U
2,39.84,40.290001,37.900002,38.5,1362000,38.5,71.78,10/15/2018,CRC,-0.020356209,-0.020356209,-0.858110435,D
3,38.84,39.48,37.860001,39.360001,862200,39.360001,71.92,10/16/2018,CRC,0.022337688,0.022337688,-3.004253811,D
4,38.790001,38.959999,36.5,37.509998,1372000,37.509998,69.74,10/17/2018,CRC,-0.047002108,-0.047002108,-2.219561675,D
5,35.970001,36.93,35.511002,35.970001,1616500,35.970001,68.674,10/18/2018,CRC,-0.041055641,-0.041055641,-1.613822875,D
6,36.48,36.93,34.689999,35.099998,1177800,35.099998,69.216,10/19/2018,CRC,-0.024186905,-0.024186905,-1.753188909,D
7,34.84,34.860001,33.444,34.27,1083100,34.27,69.322,10/22/2018,CRC,-0.023646668,-0.023646668,-3.569612566,D
8,31.950001,33.970001,31.709999,33.299999,1575600,33.299999,66.43,10/23/2018,CRC,-0.028304669,-0.028304669,-1.226866318,D
9,34.110001,34.43,30.73,30.76,2258600,30.76,66.82,10/24/2018,CRC,-0.076276249,-0.076276249,0.478264438,U
10,31.33,32.759998,30.709999,32.119999,1675900,32.119999,67.33,10/25/2018,CRC,0.044213231,0.044213231,-2.922146925,D
11,31,32.009998,30.129999,31.209999,1400000,31.209999,67.59,10/26/2018,CRC,-0.028331259,-0.028331259,-1.190082671,D
12,31.299999,31.49,28.58,29.41,1564700,29.41,67.04,10/29/2018,CRC,-0.057673792,-0.057673792,2.123679601,U
13,28.6,30.18,28.110001,30.129999,1641600,30.129999,66.18,10/30/2018,CRC,0.024481435,0.024481435,1.399355236,U
14,31.01,32.855,30.83,31.34,1649300,31.34,65.31,10/31/2018,CRC,0.040159344,0.040159344,-1.619695497,D
15,31.18,31.969999,29.860001,31.43,1654900,31.43,63.69,11/1/2018,CRC,0.002871729,0.002871729,-0.980391057,D
16,33.919998,35.200001,28.85,29.84,3301500,29.84,63.14,11/2/2018,CRC,-0.05058861,-0.05058861,-1.484981421,D
17,30.91,31.200001,29.65,30.530001,1693900,30.530001,63.1,11/5/2018,CRC,0.023123358,0.023123358,-1.346307259,D
18,30.549999,31.1,28.26,28.52,2220900,28.52,62.21,11/6/2018,CRC,-0.065836912,-0.065836912,-1.839190071,D
19,29.68,30.450001,28.610001,29.34,2163900,29.34,61.67,11/7/2018,CRC,0.028751753,0.028751753,-1.976661133,D
20,29.040001,29.540001,26.870001,26.959999,2633300,26.959999,60.67,11/8/2018,CRC,-0.081117962,-0.081117962,-1.834517682,D
21,25.58,27.879999,25.09,27.68,3091700,27.68,60.19,11/9/2018,CRC,0.02670627,0.02670627,-5.109204368,D
22,28.059999,28.48,25.27,25.49,3369900,25.49,59.93,11/12/2018,CRC,-0.079118497,-0.079118497,-1.936979948,D
23,25.389999,25.5,23.42,23.75,4256300,23.75,55.69,11/13/2018,CRC,-0.068262064,-0.068262064,1.064418026,U
24,24.940001,25.75,23.57,24.07,2535800,24.07,56.288,11/14/2018,CRC,0.013473684,0.013473684,1.21005984,U
25,23.67,24.549999,23.15,24.52,2266400,24.52,56.548,11/15/2018,CRC,0.018695472,0.018695472,-1.788171989,D
26,25.17,26.440001,24.280001,24.959999,2316600,24.959999,56.592,11/16/2018,CRC,0.017944494,0.017944494,-5.46503116,D
27,24.040001,24.472,22.879999,23.219999,2317000,23.219999,57.112,11/19/2018,CRC,-0.069711541,-0.069711541,2.705426719,U
28,22.23,22.459999,20.91,21.17,3557200,21.17,53.43,11/20/2018,CRC,-0.088285921,-0.088285921,3.005896735,U
29,21.940001,25.82,21.799999,25.1,4576800,25.1,54.63,11/21/2018,CRC,0.185640057,0.185640057,-0.754356066,D
30,22.42,24.42,22.34,23.26,2494300,23.26,50.42,11/23/2018,CRC,-0.073306773,-0.073306773,1.714838912,U
31,25.27,25.27,23.719999,24.549999,2311800,24.549999,51.63,11/26/2018,CRC,0.055459974,0.055459974,0.567414228,U
32,24.58,24.73,23.809999,24.5,1498400,24.5,51.56,11/27/2018,CRC,-0.002036619,-0.002036619,-0.203196968,D
33,24.360001,25.24,23.67,24.969999,1764900,24.969999,50.29,11/28/2018,CRC,0.019183633,0.019183633,-1.405948676,D
34,25.23,26.139999,24.26,24.35,2437500,24.35,51.45,11/29/2018,CRC,-0.024829757,-0.024829757,0.805682075,U
35,23.68,24.709999,23.02,23.940001,2309300,23.940001,50.93,11/30/2018,CRC,-0.016837741,-0.016837741,-0.482959832,D
36,26,26.25,24.67,24.940001,2806400,24.940001,52.95,12/3/2018,CRC,0.041771093,0.041771093,-5.560346184,D
37,24.6,25.209999,23.51,23.59,1683000,23.59,53.25,12/4/2018,CRC,-0.05412995,-0.05412995,-2.662454874,D
38,20.99,21.99,20,21.07,3424600,21.07,52.89,12/6/2018,CRC,-0.106824926,-0.106824926,-0.867371077,D
39,22.49,22.9,21.799999,21.82,2134400,21.82,51.49,12/7/2018,CRC,0.035595634,0.035595634,-1.776648132,D
40,21.110001,21.6,19.83,20.52,2874700,20.52,52.61,12/10/2018,CRC,-0.059578368,-0.059578368,1.04183361,U
41,21.370001,21.6,20.43,20.700001,1445200,20.700001,51,12/11/2018,CRC,0.008771979,0.008771979,1.137618879,U
42,21.25,22.584999,21.09,21.17,1900500,21.17,51.65,12/12/2018,CRC,0.022705265,0.022705265,-0.330450045,D
43,20.799999,21.67,20.68,21.42,1802900,21.42,51.15,12/13/2018,CRC,0.011809164,0.011809164,-2.473499919,D
44,21.110001,21.65,20.59,20.959999,1895000,20.959999,52.58,12/14/2018,CRC,-0.021475303,-0.021475303,-5.281086972,D
45,20.65,21.33,19.629999,19.879999,2165400,19.879999,51.254,12/17/2018,CRC,-0.05152672,-0.05152672,-4.801744271,D
46,19.780001,19.780001,17.65,17.860001,3423000,17.860001,50.008,12/18/2018,CRC,-0.101609562,-0.101609562,-4.540072946,D
47,18.1,18.74,16.959999,17.24,2427500,17.24,46.456,12/19/2018,CRC,-0.0347145,-0.0347145,-5.081898362,D
48,16.68,17,15.14,15.56,4510900,15.56,47.976,12/20/2018,CRC,-0.097447796,-0.097447796,-3.702031603,D
49,15.52,15.71,14.63,14.82,4101300,14.82,45.88,12/21/2018,CRC,-0.047557841,-0.047557841,4.724409449,U
50,14.51,14.88,13.92,13.92,2186300,13.92,45.59,12/24/2018,CRC,-0.060728745,-0.060728745,7.320097339,U
51,14.25,17.040001,13.48,16.98,4443400,16.98,42.53,12/26/2018,CRC,0.219827586,0.219827586,-0.019453414,N
52,16.139999,17.469999,16,17.459999,2339800,17.459999,46.22,12/27/2018,CRC,0.028268492,0.028268492,-0.816005456,D
53,17.66,18.01,16.32,16.969999,2387100,16.969999,44.61,12/28/2018,CRC,-0.028064148,-0.028064148,1.904945197,U
54,17.25,17.52,16.25,17.040001,1647100,17.040001,45.33,12/31/2018,CRC,0.004125044,0.004125044,1.027004564,U
55,16.18,18.25,15.85,17.959999,3066900,17.959999,45.41,1/2/2019,CRC,0.05399049,0.05399049,2.53233927,U
56,18.030001,18.25,16.98,17.58,2102100,17.58,46.54,1/3/2019,CRC,-0.021158075,-0.021158075,5.051384776,U
57,18.23,19.4,18,19.35,2725800,19.35,47.09,1/4/2019,CRC,0.100682594,0.100682594,0.970548862,U
58,19.68,20.77,19.110001,20.48,2611500,20.48,47.96,1/7/2019,CRC,0.058397933,0.058397933,1.056221987,U
59,21.1,21.299,19.610001,19.93,2768600,19.93,48.52,1/8/2019,CRC,-0.026855469,-0.026855469,2.181236568,U
60,20.76,21.219999,20.17,21.129999,2637300,21.129999,49.78,1/9/2019,CRC,0.060210687,0.060210687,-0.857005237,D
61,20.52,21.52,20.16,21.290001,1457400,21.290001,52.36,1/10/2019,CRC,0.007572267,0.007572267,-0.781751755,D
62,20.84,21.003,20.25,20.59,1416800,20.59,52.59,1/11/2019,CRC,-0.032879331,-0.032879331,0.911270998,U
63,20.049999,21.1,19.82,20.799999,1555800,20.799999,51.59,1/14/2019,CRC,0.010199077,0.010199077,0.285988247,U
64,21.049999,21.4,20.75,21.16,1103900,21.16,50.51,1/15/2019,CRC,0.017307741,0.017307741,0.126222783,U
65,21.02,21.66,20.76,20.98,1471600,20.98,52.11,1/16/2019,CRC,-0.008506616,-0.008506616,1.496260887,U
66,20.66,21.35,20.290001,21.24,1377600,21.24,52.37,1/17/2019,CRC,0.012392755,0.012392755,-1.89813186,D
67,21.16,21.98,20.995001,21.940001,1514500,21.940001,52.186,1/18/2019,CRC,0.032956733,0.032956733,-3.867406502,D
68,21.5,21.639999,19.93,20.040001,1606500,20.040001,53.944,1/22/2019,CRC,-0.086599814,-0.086599814,-0.999153243,D
69,20.200001,20.450001,19.219999,19.559999,1458100,19.559999,52.922,1/23/2019,CRC,-0.023952194,-0.023952194,1.280972527,U
70,19.35,19.52,18.6,19.450001,2640300,19.450001,52.62,1/24/2019,CRC,-0.00562362,-0.00562362,-0.287891608,D
71,19.709999,20.639999,19.66,20.32,1855400,20.32,53.13,1/25/2019,CRC,0.044730023,0.044730023,-1.216216196,D
72,19.700001,19.700001,18.74,19.280001,1779800,19.280001,53.69,1/28/2019,CRC,-0.051181053,-0.051181053,2.219231637,U
73,19.690001,19.790001,19.16,19.6,1497200,19.6,51.99,1/29/2019,CRC,0.016597458,0.016597458,0.911350456,U
74,19.93,20.632,19.413,20.6,2022000,20.6,53.31,1/30/2019,CRC,0.051020408,0.051020408,-0.163265306,D
75,20.690001,21.190001,19.84,20.15,1831900,20.15,54.23,1/31/2019,CRC,-0.02184466,-0.02184466,1.36275146,U
76,20.18,20.9,20.15,20.5,1645800,20.5,53.79,2/1/2019,CRC,0.017369727,0.017369727,0.401670951,U
77,19.99,21.040001,19.879999,20.99,878600,20.99,55.26,2/4/2019,CRC,0.023902439,0.023902439,0.381133873,U
78,20.84,21.1,20.459999,20.75,969500,20.75,54.56,2/5/2019,CRC,-0.011434016,-0.011434016,-3.378376675,D
79,20.48,21.51,20.389999,21.23,1399700,21.23,53.66,2/6/2019,CRC,0.02313253,0.02313253,-6.291273678,D
80,20.93,20.93,18.700001,18.700001,3200300,18.700001,54.01,2/7/2019,CRC,-0.119170937,-0.119170937,-1.644497383,D
81,18.709999,18.799999,16.860001,17.610001,3352600,17.610001,52.64,2/8/2019,CRC,-0.058288767,-0.058288767,1.192470654,U
82,17.24,17.969999,16.5,17.809999,2659300,17.809999,52.72,2/11/2019,CRC,0.011357069,0.011357069,3.094085267,U
83,18.58,19.49,18.16,18.25,2125500,18.25,52.41,2/12/2019,CRC,0.024705279,0.024705279,3.346560174,U
84,18.360001,19.548,18.360001,19.530001,3596300,19.530001,53.1,2/13/2019,CRC,0.070137041,0.070137041,3.217900908,U
85,19.200001,20.389999,19.111,20.190001,2192000,20.190001,53.9,2/14/2019,CRC,0.033794161,0.033794161,2.397473186,U
86,20.530001,21.68,20.52,21.5,2825700,21.5,54.486,2/15/2019,CRC,0.064883553,0.064883553,1.039914376,U
87,21.309999,22.200001,21.25,21.709999,2010600,21.709999,55.746,2/19/2019,CRC,0.009767395,0.009767395,-0.106821306,D
88,21.690001,22.4,21.67,22.18,1639100,22.18,56.306,2/20/2019,CRC,0.021649057,0.021649057,-0.701863006,D
89,22,22.202,21.110001,21.639999,1931100,21.639999,57.112,2/21/2019,CRC,-0.024346303,-0.024346303,0.138271628,U
90,22.24,22.360001,21.450001,21.719999,1208300,21.719999,56.96,2/22/2019,CRC,0.003696858,0.003696858,-0.695301309,D
91,21.25,22.25,21.150999,21.73,2016600,21.73,57.26,2/25/2019,CRC,0.000460451,0.000460451,0.138846035,U
92,21.639999,22.200001,21.200001,21.27,1138200,21.27,55.48,2/26/2019,CRC,-0.021168891,-0.021168891,3.566077315,U
93,21.58,22.450001,20.959999,21.82,2703900,21.82,55.5,2/27/2019,CRC,0.025858016,0.025858016,2.774165583,U
94,24.870001,26.450001,23.049999,23.65,6614700,23.65,56.94,2/28/2019,CRC,0.083868011,0.083868011,0.196685864,U
95,23.879999,24.18,23.306,23.74,1934900,23.74,57.22,3/1/2019,CRC,0.003805497,0.003805497,-1.524216503,D
96,24.059999,24.68,23.219999,23.790001,1916100,23.790001,55.8,3/4/2019,CRC,0.002106192,0.002106192,-3.339218839,D
97,23.780001,23.862,22.5,22.67,1814500,22.67,56.59,3/5/2019,CRC,-0.047078645,-0.047078645,-2.076337436,D
98,22.299999,22.4,21.385,21.52,2242300,21.52,56.56,3/6/2019,CRC,-0.050727834,-0.050727834,-3.207698528,D
99,21.700001,21.879999,21.02,21.309999,1646200,21.309999,56.22,3/7/2019,CRC,-0.009758411,-0.009758411,-0.080526656,D
100,20.280001,20.309999,19.125,19.52,2856500,19.52,56.66,3/8/2019,CRC,-0.08399808,-0.08399808,4.784460837,U
101,19.870001,21.370001,19.76,21.26,2259600,21.26,56.07,3/11/2019,CRC,0.089139344,0.089139344,3.984062387,U
102,21.530001,22.639999,21.5,22.549999,2690100,22.549999,56.79,3/12/2019,CRC,0.060677281,0.060677281,2.000851511,U
103,23.1,24.09,23.040001,23.959999,2723000,23.959999,56.87,3/13/2019,CRC,0.062527719,0.062527719,0,N
104,23.469999,24.57,23.26,23.959999,2406400,23.959999,58.26,3/14/2019,CRC,0,0,1.493764622,U
105,23.6,24.370001,23.295,23.959999,1992000,23.959999,58.61,3/15/2019,CRC,0,0,1.657684658,U
106,24.15,25.120001,23.974001,25.049999,1672200,25.049999,58.58,3/18/2019,CRC,0.045492489,0.045492489,2.58765691,U
107,25.469999,25.950001,24.870001,25.190001,2016400,25.190001,59.206,3/19/2019,CRC,0.005588902,0.005588902,2.982081193,U
108,25.24,27.65,25.030001,27.049999,3135500,27.049999,59.186,3/20/2019,CRC,0.073838743,0.073838743,-1.794837343,D
109,27,27.84,26.75,27.57,1858500,27.57,60.15,3/21/2019,CRC,0.019223698,0.019223698,-3.965494992,D
110,26.809999,26.870001,24.700001,25.610001,3252000,25.610001,59.98,3/22/2019,CRC,-0.07109173,-0.07109173,0.263467264,U
111,25.27,25.469999,23.639999,24.49,2994700,24.49,59.04,3/25/2019,CRC,-0.043732954,-0.043732954,1.123744066,U
112,25.68,26.41,25.35,25.809999,1506900,25.809999,58.82,3/26/2019,CRC,0.05389951,0.05389951,-0.065009753,D
113,25.809999,26.232,24.76,25.34,1454800,25.34,59.94,3/27/2019,CRC,-0.018209958,-0.018209958,0.481706815,U
114,24.35,25.84,24.27,25.76,1498300,25.76,59.41,3/28/2019,CRC,0.016574586,0.016574586,1.65541708,U
115,26.610001,27.200001,25.58,25.709999,2114300,25.709999,59.3,3/29/2019,CRC,-0.001941033,-0.001941033,1.900001298,U
116,26.389999,27.280001,26.08,27.059999,1733800,27.059999,60.14,4/1/2019,CRC,0.052508754,0.052508754,-0.333001973,D
117,27.370001,27.98,26.799999,27.23,1811900,27.23,61.59,4/2/2019,CRC,0.006282373,0.006282373,0.331207062,U
118,27.370001,27.65,26.559999,26.790001,1947800,26.790001,62.58,4/3/2019,CRC,-0.016158612,-0.016158612,3.130225769,U
119,27.01,27.559999,26.42,27.5,1142000,27.5,62.46,4/4/2019,CRC,0.026502388,0.026502388,2.1786986,U
120,27.77,29.41,27.716,29.41,2818800,29.41,62.1,4/5/2019,CRC,0.069454545,0.069454545,-1.181600348,D
121,29.74,30.18,28.440001,29.379999,2988400,29.379999,63.08,4/8/2019,CRC,-0.001020095,-0.001020095,0,N
122,28.959999,29,28.280001,28.379999,1400300,28.379999,64.4,4/9/2019,CRC,-0.034036761,-0.034036761,0.335532809,U
123,28.65,29.66,28.57,29.379999,1447300,29.379999,63.98,4/10/2019,CRC,0.035236083,0.035236083,-1.098518745,D
124,29.030001,29.34,28.299999,28.67,1285600,28.67,64.61,4/11/2019,CRC,-0.024166066,-0.024166066,-1.311128057,D
125,29.040001,29.1,27.27,28.43,2495600,28.43,63.58,4/12/2019,CRC,-0.00837112,-0.00837112,-0.130470883,D
126,28,28.4,27.280001,27.559999,2130500,27.559999,63.89,4/15/2019,CRC,-0.030601512,-0.030601512,-0.421230002,D
127,27.76,28.52,27.15,28.32,1375300,28.32,63.4,4/16/2019,CRC,0.027576235,0.027576235,-1.883353607,D
128,28.68,28.764999,27.15,27.209999,1707500,27.209999,64.078,4/17/2019,CRC,-0.039194951,-0.039194951,1.360710744,U
129,27.15,27.280001,26.440001,26.77,1699600,26.77,63.804,4/18/2019,CRC,-0.016170489,-0.016170489,1.051485389,U
130,28.059999,29.105,27.747999,28.33,2321100,28.33,64.042,4/22/2019,CRC,0.058274188,0.058274188,-2.4924,D
131,28.440001,28.860001,27.549999,27.639999,1481700,27.639999,65.58,4/23/2019,CRC,-0.024355842,-0.024355842,-7.259334465,D
132,27.75,27.809999,26.059999,26.280001,2255900,26.280001,66.3,4/24/2019,CRC,-0.049203982,-0.049203982,-6.716205867,D
133,26.299999,26.415001,21.67,22.120001,8745000,22.120001,65.89,4/25/2019,CRC,-0.158295276,-0.158295276,-1.652512741,D
134,21.940001,22.18,20.52,21.58,4452600,21.58,65.21,4/26/2019,CRC,-0.024412341,-0.024412341,-0.784806165,D
135,21.35,21.530001,20.66,21.049999,2688800,21.049999,63.3,4/29/2019,CRC,-0.024559824,-0.024559824,-2.415302396,D
136,21.549999,21.700001,20.75,21.08,2694100,21.08,63.5,4/30/2019,CRC,0.001425226,0.001425226,-3.975743058,D
137,20.82,21,19.540001,19.559999,2885500,19.559999,63.91,5/1/2019,CRC,-0.072106309,-0.072106309,0.53310749,U
138,18.99,19.77,18.41,18.719999,3944200,18.719999,63.6,5/2/2019,CRC,-0.042944787,-0.042944787,3.890662353,U
139,20.41,20.92,19.280001,19.870001,3913200,19.870001,61.81,5/3/2019,CRC,0.061431734,0.061431734,0.262553318,U
140,19.290001,21.129999,19.1,21.040001,3211800,21.040001,61.94,5/6/2019,CRC,0.058882735,0.058882735,-1.074047175,D
141,20.42,20.73,19.76,20.030001,1868200,20.030001,62.25,5/7/2019,CRC,-0.0480038,-0.0480038,-0.049662308,N
142,19.99,21.139999,19.83,20.379999,1774400,20.379999,61.4,5/8/2019,CRC,0.017473689,0.017473689,-0.479575004,D
143,20,20.360001,19.41,20,2164700,20,62.12,5/9/2019,CRC,-0.018645683,-0.018645683,-1.899272544,D
144,19.9,20.309999,19.48,20.09,1550400,20.09,61.7,5/10/2019,CRC,0.0045,0.0045,-0.237608622,D
145,20.43,20.780001,18.77,18.879999,2280900,18.879999,61.66,5/13/2019,CRC,-0.060229019,-0.060229019,2.153273991,U
146,19.25,20.17,19.16,19.950001,1810100,19.950001,61.04,5/14/2019,CRC,0.056673838,0.056673838,3.503130323,U
147,19.639999,20.32,19.190001,20.15,1806000,20.15,61.78,5/15/2019,CRC,0.010025012,0.010025012,1.746931095,U
148,20.309999,22.49,20.209999,22.129999,4211300,22.129999,62.02,5/16/2019,CRC,0.098262978,0.098262978,-1.033153463,D
149,21.77,22.26,21.200001,21.26,2209300,21.26,62.908,5/17/2019,CRC,-0.039313106,-0.039313106,1.614637909,U
150,21.209999,21.65,21.09,21.459999,1308000,21.459999,62.824,5/20/2019,CRC,0.009407291,0.009407291,-2.161314085,D
151,21.52,22.43,21.48,22.309999,1515600,22.309999,63.166,5/21/2019,CRC,0.039608576,0.039608576,-9.253628998,D
152,21.77,21.93,20.030001,20.08,2272900,20.08,63.102,5/22/2019,CRC,-0.099955137,-0.099955137,-6.04763677,D
153,19.01,19.01,16.75,16.83,3653100,16.83,61.42,5/23/2019,CRC,-0.16185259,-0.16185259,-1.020408163,D
154,17.32,17.51,16.35,16.83,2606900,16.83,57.91,5/24/2019,CRC,0,0,0.734857979,U
155,17,17.1,16.23,16.32,1812700,16.32,58.63,5/28/2019,CRC,-0.03030303,-0.03030303,1.091488347,U
156,15.84,17.24,15.742,17.200001,2041100,17.200001,59.14,5/29/2019,CRC,0.05392163,0.05392163,-1.989257888,D
157,17.200001,17.82,16.84,16.870001,1866100,16.870001,58.81,5/30/2019,CRC,-0.019186045,-0.019186045,-0.140368956,D
158,16.23,16.809999,16.059999,16.200001,1653000,16.200001,56.59,5/31/2019,CRC,-0.039715469,-0.039715469,2.554959398,U
159,16.620001,17.23,16.1,16.799999,1862400,16.799999,53.5,6/3/2019,CRC,0.037036911,0.037036911,-3.087165115,D
160,17.139999,17.700001,16.75,17.49,1481000,17.49,53.25,6/4/2019,CRC,0.041071491,0.041071491,-4.600333056,D
161,17.309999,17.309999,15.23,15.27,2751200,15.27,53.48,6/5/2019,CRC,-0.126929674,-0.126929674,2.676297734,U
162,15.32,15.66,14.88,15.28,1892000,15.28,51.68,6/6/2019,CRC,0.000654879,0.000654879,2.079436387,U
163,15.25,16.65,15.08,16.530001,2123400,16.530001,52.59,6/7/2019,CRC,0.081806348,0.081806348,0.6643849,U
164,16.620001,17.1,16.049999,16.280001,1753200,16.280001,53.99,6/10/2019,CRC,-0.015124016,-0.015124016,-0.508440075,D
165,16.629999,17.1,16.309999,16.860001,1477300,16.860001,53.26,6/11/2019,CRC,0.035626533,0.035626533,1.172030125,U
166,16.25,16.66,15.85,16.030001,1813500,16.030001,53.27,6/12/2019,CRC,-0.049228941,-0.049228941,1.57057449,U
167,17.049999,17.450001,16.469999,17.450001,2532000,17.450001,51.14,6/13/2019,CRC,0.0885839,0.0885839,-0.799064479,D
168,17.290001,17.59,16.52,16.82,1641100,16.82,52.28,6/14/2019,CRC,-0.036103207,-0.036103207,3.558517467,U
169,16.450001,17.129999,16.17,17.040001,1285500,17.040001,52.51,6/17/2019,CRC,0.013079727,0.013079727,2.150936279,U
170,17.129999,18.83,17.129999,18.690001,2264100,18.690001,51.978,6/18/2019,CRC,0.09683098,0.09683098,1.191111048,U
171,18.5,18.601,17.66,18.200001,1586300,18.200001,53.984,6/19/2019,CRC,-0.026217227,-0.026217227,2.123923043,U
172,19.25,19.9,18.98,19.360001,2106600,19.360001,53.886,6/20/2019,CRC,0.06373626,0.06373626,-1.060502415,D
173,19.49,19.860001,19.030001,19.41,1647600,19.41,56.986,6/21/2019,CRC,0.002582593,0.002582593,-0.699667658,D
174,19.4,19.6,18.591999,18.75,1444800,18.75,57.43,6/24/2019,CRC,-0.034003091,-0.034003091,2.164127424,U
175,18.65,19.34,18.351999,19.01,852500,19.01,57.9,6/25/2019,CRC,0.013866667,0.013866667,1.107891597,U
176,19.719999,20.629999,19.5,20,1283800,20,57.83,6/26/2019,CRC,0.052077854,0.052077854,-0.539265251,D
177,20.1,20.296,19.52,19.66,930500,19.66,59.38,6/27/2019,CRC,-0.017,-0.017,0.06775237,U
178,19.9,20.25,19.35,19.68,1810100,19.68,59.43,6/28/2019,CRC,0.001017294,0.001017294,-1.687326044,D
179,20.450001,20.780001,19.41,19.700001,1721100,19.700001,58.47,7/1/2019,CRC,0.001016311,0.001016311,-3.233834342,D
180,19.5,19.57,18.35,18.700001,1700500,18.700001,59.09,7/2/2019,CRC,-0.050761419,-0.050761419,-0.417805639,D
181,18.629999,18.84,17.84,17.879999,1092000,17.879999,56.25,7/3/2019,CRC,-0.043850372,-0.043850372,0.23914828,U
182,17.799999,18.5,17.73,18.469999,928700,18.469999,57.34,7/5/2019,CRC,0.032997765,0.032997765,0.865960671,U
183,18.25,18.721001,17.82,18.01,1401800,18.01,57.51,7/8/2019,CRC,-0.024905199,-0.024905199,2.742390304,U
184,17.98,18.950001,17.52,18.950001,1437800,18.950001,57.66,7/9/2019,CRC,0.052193282,0.052193282,0.51938885,U
185,19.559999,20.08,19.01,19.559999,2066300,19.559999,57.83,7/10/2019,CRC,0.032189866,0.032189866,0.153953133,U
186,19.6,19.77,19.030001,19.25,1288900,19.25,60.43,7/11/2019,CRC,-0.01584862,-0.01584862,-0.206791318,D
187,19.51,19.870001,19.040001,19.65,1375900,19.65,60.2,7/12/2019,CRC,0.020779221,0.020779221,-2.257611131,D
188,19.85,20.129999,19.02,19.129999,1424100,19.129999,60.21,7/15/2019,CRC,-0.026463155,-0.026463155,-6.810033956,D
189,19.09,19.5,18.219999,18.360001,1509900,18.360001,59.58,7/16/2019,CRC,-0.040250812,-0.040250812,-8.607070507,D
190,18.33,18.33,15.35,15.52,5164000,15.52,57.62,7/17/2019,CRC,-0.154684142,-0.154684142,-2.028854824,D
191,15.36,15.52,14.1,14.22,5215700,14.22,56.808,7/18/2019,CRC,-0.083762887,-0.083762887,1.644586569,U
192,14.28,14.98,14.035,14.62,3059700,14.62,55.348,7/19/2019,CRC,0.028129395,0.028129395,2.386212992,U
193,14.68,15.3,14.4,14.94,2588500,14.94,55.708,7/22/2019,CRC,0.021887825,0.021887825,1.106530701,U
194,15.02,15.72,14.78,15.7,2537600,15.7,56.22,7/23/2019,CRC,0.050870147,0.050870147,-1.648947711,D
195,15.62,16.360001,15.21,15.45,2653300,15.45,56.77,7/24/2019,CRC,-0.015923567,-0.015923567,-0.680869756,D
196,15.63,15.66,14.83,14.94,1722500,14.94,55.88,7/25/2019,CRC,-0.033009709,-0.033009709,-2.0861678,D
197,14.83,15.295,14.625,15.14,1460500,15.14,56.02,7/26/2019,CRC,0.013386881,0.013386881,0.583482944,U
198,15.07,15.087,13.89,14.02,2155800,14.02,56.2,7/29/2019,CRC,-0.073976222,-0.073976222,2.88397049,U
199,13.98,15.54,13.81,15.4,2324100,15.4,56.87,7/30/2019,CRC,0.098430813,0.098430813,-5.225924236,D
200,15.52,16.200001,14.944,15.31,2184200,15.31,58.05,7/31/2019,CRC,-0.005844156,-0.005844156,-8.484247085,D
201,14.8,14.8,12.61,13.11,5220100,13.11,58.58,8/1/2019,CRC,-0.14369693,-0.14369693,-4.784162772,D
202,12.65,13.81,11.604,11.89,4169300,11.89,53.95,8/2/2019,CRC,-0.093058734,-0.093058734,-3.230543319,D
203,11.23,11.58,10.81,11.37,3187400,11.37,55.66,8/5/2019,CRC,-0.04373423,-0.04373423,-5.50660793,D
204,11.47,11.59,10.22,10.79,2965200,10.79,54.69,8/6/2019,CRC,-0.051011434,-0.051011434,-1.496421601,D
205,10.25,10.26,8.92,9.62,5525200,9.62,53.63,8/7/2019,CRC,-0.108433735,-0.108433735,1.760797342,U
206,10.09,10.71,9.7,10.33,3185800,10.33,51.09,8/8/2019,CRC,0.073804574,0.073804574,-0.12999675,D
207,10.67,10.78,9.85,10.15,2841200,10.15,52.54,8/9/2019,CRC,-0.017424976,-0.017424976,2.455357143,U
208,10.01,10.46,9.81,10.29,1844800,10.29,54.5,8/12/2019,CRC,0.013793103,0.013793103,-3.042198234,D
209,10.13,11.33,10.01,10.92,2256400,10.92,54.93,8/13/2019,CRC,0.06122449,0.06122449,-6.885919836,D
210,10.2,10.31,9.17,9.36,3144600,9.36,57.1,8/14/2019,CRC,-0.142857143,-0.142857143,1.462196862,U
211,9.2,9.3,8.9,8.91,2159300,8.91,55.23,8/15/2019,CRC,-0.048076923,-0.048076923,3.867595819,U
212,9.13,9.99,9.036,9.77,3427800,9.77,54.46,8/16/2019,CRC,0.096520763,0.096520763,-1.61567549,D
213,10.12,10.35,9.85,10.02,2506800,10.02,54.846,8/19/2019,CRC,0.025588536,0.025588536,0.271923861,U
214,9.82,9.892,9.27,9.3,2172000,9.3,56.168,8/20/2019,CRC,-0.071856287,-0.071856287,1.442307692,U
215,9.56,10.33,9.56,10.1,2578300,10.1,56.172,8/21/2019,CRC,0.086021505,0.086021505,-3.065794006,D
216,10.14,10.43,9.71,9.72,1808700,9.72,55.68,8/22/2019,CRC,-0.037623762,-0.037623762,-2.175463623,D
217,9.41,9.82,9.02,9.21,2597500,9.21,55.35,8/23/2019,CRC,-0.052469136,-0.052469136,-0.145507457,D
218,9.39,9.7,8.85,9.11,2098000,9.11,54.17,8/26/2019,CRC,-0.010857763,-0.010857763,1.510248112,U
219,9.19,9.39,8.87,9.17,2326200,9.17,53.64,8/27/2019,CRC,0.006586169,0.006586169,3.664016592,U
220,9.35,9.875,9.301,9.53,1891700,9.53,54.93,8/28/2019,CRC,0.039258451,0.039258451,0.879864636,U
221,9.72,10.33,9.64,10.23,2135600,10.23,55.78,8/29/2019,CRC,0.073452256,0.073452256,-6.852702225,D
222,10.29,10.29,9.56,9.79,1422900,9.79,56.71,8/30/2019,CRC,-0.043010753,-0.043010753,-2.955301071,D
223,9.27,9.35,8.28,8.29,3871800,8.29,55.1,9/3/2019,CRC,-0.153217569,-0.153217569,5.854197349,U
224,8.77,8.99,8.4,8.99,2554500,8.99,53.94,9/4/2019,CRC,0.084439083,0.084439083,3.765112263,U
225,9.16,10.35,9.03,9.88,3917000,9.88,56.26,9/5/2019,CRC,0.098998888,0.098998888,5.808080808,U
226,9.6,10.1,9.08,10.08,2769800,10.08,56.3,9/6/2019,CRC,0.020242915,0.020242915,5.147277596,U
227,10.33,11.77,10.325,11.72,4143800,11.72,56.52,9/9/2019,CRC,0.162698413,0.162698413,0.732188116,U
228,11.96,13.625,11.6,11.81,6120100,11.81,57.85,9/10/2019,CRC,0.007679181,0.007679181,-0.02809778,N
229,12.33,13.28,11.545,11.98,4338100,11.98,57.4,9/11/2019,CRC,0.014394581,0.014394581,-0.449438202,D
230,11.19,11.89,10.2,11.8,2556400,11.8,55.75,9/12/2019,CRC,-0.015025042,-0.015025042,11.29476362,U
231,11.98,12.45,11.491,11.82,1904300,11.82,55.09,9/13/2019,CRC,0.001694915,0.001694915,5.933600328,U
232,13.8,16.360001,13.31,16.309999,12957700,16.309999,54.85,9/16/2019,CRC,0.379864552,0.379864552,-5.126480974,D
233,15.89,15.98,13.57,14.34,7156100,14.34,62.9,9/17/2019,CRC,-0.120784741,-0.120784741,-11.63398693,D
234,13.75,14.18,13.48,14.02,2932300,14.02,59.292,9/18/2019,CRC,-0.022315202,-0.022315202,-8.062678063,D
235,14.363,14.5,9.32,9.89,20088400,9.89,58.082,9/19/2019,CRC,-0.294579173,-0.294579173,3.968992248,U
236,11.86,12.14,10.79,11.19,11973700,11.19,58.166,9/20/2019,CRC,0.131445905,0.131445905,-2.099817407,D
237,10.99,11.47,10.85,11.17,3734800,11.17,58.09,9/23/2019,CRC,-0.00178731,-0.00178731,-1.546072975,D
238,11,11.32,10.23,10.5,2616100,10.5,58.64,9/24/2019,CRC,-0.059982095,-0.059982095,-0.475888325,D
239,10.15,10.81,9.97,10.67,2289000,10.67,57.29,9/25/2019,CRC,0.016190476,0.016190476,-1.733547352,D
240,10.34,10.495,9.75,10.35,3749700,10.35,56.49,9/26/2019,CRC,-0.029990628,-0.029990628,-0.488917862,D
241,10.05,10.62,9.934,10.13,1893200,10.13,56.41,9/27/2019,CRC,-0.021256039,-0.021256039,-1.263297872,D
242,9.99,10.29,9.77,10.2,1881000,10.2,55.91,9/30/2019,CRC,0.006910168,0.006910168,-3.679504814,D
243,10.27,10.66,9.66,9.75,2133000,9.75,54.07,10/1/2019,CRC,-0.044117647,-0.044117647,-2.432915921,D
244,9.7,10.024,9.11,9.13,3345500,9.13,53.62,10/2/2019,CRC,-0.063589744,-0.063589744,-1.598513011,D
245,9.02,9.29,8.4,9.07,3805800,9.07,52.64,10/3/2019,CRC,-0.006571742,-0.006571742,-2.130898021,D
246,9.13,9.27,8.67,8.7,2610000,8.7,52.45,10/4/2019,CRC,-0.040793826,-0.040793826,-3.103859928,D
247,8.8,9.02,8.47,8.51,3382300,8.51,52.81,10/7/2019,CRC,-0.02183908,-0.02183908,-0.523982265,D
